{ 
  "shoe1": {
    "name": "Flex Experience Run 9",
    "img": "https://m.media-amazon.com/images/I/61WBg7crTQL._AC_SR700,525_.jpg",
    "img2": "https://m.media-amazon.com/images/I/61FxQSqEpOL._AC_SR700,525_.jpg",
    "price": 65.00
  },
  "shoe2": {
    "name": "Flex Control 4",
    "img": "https://m.media-amazon.com/images/I/71Cc3JcCN7L._AC_SR700,525_.jpg",
    "img2": "https://m.media-amazon.com/images/I/717eNWShX9L._AC_SR700,525_.jpg",
    "price": 65.00 
  },
   "shoe3": {
    "name": "Air Max Motion 2",
    "img": "https://m.media-amazon.com/images/I/61IPQlMjDkL._AC_SR700,525_.jpg",
    "img2": "https://m.media-amazon.com/images/I/71ZH5cjP+oL._AC_SR700,525_.jpg",
    "price": 84.95
  },
  "shoe4": {
    "name": "Phantom GT Club DF FG/MG",
    "img2": "https://m.media-amazon.com/images/I/71caHEigvFL._AC_SR700,525_.jpg",
    "img": "https://m.media-amazon.com/images/I/81kz-cAPItL._AC_SR700,525_.jpg",
    "price": 65.00
  },
  "shoe5": {
    "name": "Revolution 5",
    "img": "https://m.media-amazon.com/images/I/71hDmDMMP2L._AC_SR700,525_.jpg",
    "img2": "https://m.media-amazon.com/images/I/71t0hlD+c-L._AC_SR700,525_.jpg",
    "price": 60.00
  },
  "shoe6": {
    "name": "Air Zoom Pegasus 37",
    "img2": "https://m.media-amazon.com/images/I/71g-We8o72L._AC_SR700,525_.jpg",
    "img": "https://m.media-amazon.com/images/I/817zeMd4VHL._AC_SR700,525_.jpg",
    "price": 120.00
  },
  "shoe7": {
    "name": "Air Zoom UNVRS",
    "img": "https://m.media-amazon.com/images/I/81C1kDkbvIL._AC_SR700,525_.jpg",
    "img2": "https://m.media-amazon.com/images/I/814KQoM6r7L._AC_SR700,525_.jpg",
    "price": 160.00
  },
  "shoe8": {
    "name": "Precision IV",
    "img2": "https://m.media-amazon.com/images/I/71mZoDkYldL._AC_SR700,525_.jpg",
    "img": "https://m.media-amazon.com/images/I/71nygeHSIxL._AC_SR700,525_.jpg",
    "price": 70.00
  },
  "shoe9": {
    "name": "Zoom Winflo 7",
    "img": "https://m.media-amazon.com/images/I/617B1dkZLnL._AC_SR700,525_.jpg",
    "img2": "https://m.media-amazon.com/images/I/71oPkHow9cL._AC_SR700,525_.jpg",
    "price": 90.00
  },
  "shoe10": {
    "name": "Revolution 5 (Infant/Toddler)",
    "img2": "https://m.media-amazon.com/images/I/71aE0iPUSYL._AC_SR700,525_.jpg",
    "img": "https://m.media-amazon.com/images/I/71soSeWlu8L._AC_SR700,525_.jpg ",
    "price": 45.00
  },
  "shoe11": {
    "name": "Free Metcon 3",
    "img2": "https://m.media-amazon.com/images/I/71EqKNLiY8L._AC_SR700,525_.jpg",
    "img": "https://m.media-amazon.com/images/I/711psPomIbL._AC_SR700,525_.jpg",
    "price": 120.00
  }
}
